{
    "bon": 39.69028804055415,
    "cor": 1912.7168943881989,
    "total": 1952.4071825742722,
    "2DIoU": 2042.2803977371464,
    "3DIoU": 2002.5314049099393,
    "rmse": 1158.0683747404255,
    "delta_1": 2656.212013244629
}