{
    "bon": 4.434744438622147,
    "total": 4.434744438622147,
    "2DIoU": 155.90428993105888,
    "3DIoU": 151.41940432786942,
    "rmse": 47.80132018588483,
    "delta_1": 183.5793800354004
}